name;description;year;manufacturer;is_parent;romof;is_clone;cloneof;sasampleof2020bb;2020 Super Baseball (set 1);1991;SNK / Pallas;YES;neogeo;NO;-;-3countb;3 Count Bout / Fire Suplex (NGM-043)(NGH-043);1993;SNK;YES;neogeo;NO;-;-alpham2;Alpha Mission II / ASO II - Last Guardian (NGM-007)(NGH-007);1991;SNK;YES;neogeo;NO;-;-androdun;Andro Dunos (NGM-049)(NGH-049);1992;Visco;YES;neogeo;NO;-;-aodk;Aggressors of Dark Kombat / Tsuukai GANGAN Koushinkyoku (ADM-008)(ADH-008);1994;ADK / SNK;YES;neogeo;NO;-;-aof;Art of Fighting / Ryuuko no Ken (NGM-044)(NGH-044);1992;SNK;YES;neogeo;NO;-;-aof2;Art of Fighting 2 / Ryuuko no Ken 2 (NGM-056);1994;SNK;YES;neogeo;NO;-;-aof3;Art of Fighting 3 - The Path of the Warrior / Art of Fighting - Ryuuko no Ken Gaiden;1996;SNK;YES;neogeo;NO;-;-bangbead;Bang Bead;2000;Visco;YES;neogeo;NO;-;-bjourney;Blue's Journey / Raguy (ALM-001)(ALH-001);1990;Alpha Denshi Co.;YES;neogeo;NO;-;-blazstar;Blazing Star;1998;Yumekobo;YES;neogeo;NO;-;-breakers;Breakers;1996;Visco;YES;neogeo;NO;-;-breakrev;Breakers Revenge;1998;Visco;YES;neogeo;NO;-;-bstars;Baseball Stars Professional (NGM-002);1990;SNK;YES;neogeo;NO;-;-bstars2;Baseball Stars 2;1992;SNK;YES;neogeo;NO;-;-burningf;Burning Fight (NGM-018)(NGH-018);1991;SNK;YES;neogeo;NO;-;-crsword;Crossed Swords (ALM-002)(ALH-002);1991;Alpha Denshi Co.;YES;neogeo;NO;-;-ctomaday;Captain Tomaday;1999;Visco;YES;neogeo;NO;-;-cyberlip;Cyber-Lip (NGM-010);1990;SNK;YES;neogeo;NO;-;-doubledr;Double Dragon (Neo-Geo);1995;Technos;YES;neogeo;NO;-;-eightman;Eight Man (NGM-025)(NGH-025);1991;SNK / Pallas;YES;neogeo;NO;-;-fatfursp;Fatal Fury Special / Garou Densetsu Special (set 1)(NGM-058)(NGH-058);1993;SNK;YES;neogeo;NO;-;-fatfury1;Fatal Fury - King of Fighters / Garou Densetsu - shukumei no tatakai (NGM-033)(NGH-033);1992;SNK;YES;neogeo;NO;-;-fatfury2;Fatal Fury 2 / Garou Densetsu 2 - arata-naru tatakai (NGM-047)(NGH-047);1992;SNK;YES;neogeo;NO;-;-fatfury3;Fatal Fury 3 - Road to the Final Victory / Garou Densetsu 3 - haruka-naru tatakai (NGM-069)(NGH-069);1995;SNK;YES;neogeo;NO;-;-fbfrenzy;Football Frenzy (NGM-034)(NGH-034);1992;SNK;YES;neogeo;NO;-;-fightfev;Fight Fever (set 1);1994;Viccom;YES;neogeo;NO;-;-flipshot;Battle Flip Shot;1998;Visco;YES;neogeo;NO;-;-galaxyfg;Galaxy Fight - Universal Warriors;1995;Sunsoft;YES;neogeo;NO;-;-ganryu;Ganryu / Musashi Ganryuki;1999;Visco;YES;neogeo;NO;-;-garou;Garou - Mark of the Wolves (NGM-2530);1999;SNK;YES;neogeo;NO;-;-goalx3;Goal! Goal! Goal!;1995;Visco;YES;neogeo;NO;-;-gowcaizr;Voltage Fighter - Gowcaizer / Choujin Gakuen Gowcaizer;1995;Technos;YES;neogeo;NO;-;-gpilots;Ghost Pilots (NGM-020)(NGH-020);1991;SNK;YES;neogeo;NO;-;-gururin;Gururin;1994;Face;YES;neogeo;NO;-;-irrmaze;The Irritating Maze / Ultra Denryu Iraira Bou;1997;SNK / Saurus;YES;neogeo;NO;-;-janshin;Jyanshin Densetsu - Quest of Jongmaster;1994;Aicom;YES;neogeo;NO;-;-jockeygp;Jockey Grand Prix (set 1);2001;Sun Amusement / BrezzaSoft;YES;neogeo;NO;-;-joyjoy;Puzzled / Joy Joy Kid (NGM-021)(NGH-021);1990;SNK;YES;neogeo;NO;-;-kabukikl;Far East of Eden - Kabuki Klash / Tengai Makyou - Shin Den;1995;Hudson;YES;neogeo;NO;-;-karnovr;Karnov's Revenge / Fighter's History Dynamite;1994;Data East Corporation;YES;neogeo;NO;-;-kizuna;Kizuna Encounter - Super Tag Battle / Fu'un Super Tag Battle;1996;SNK;YES;neogeo;NO;-;-kof2000;The King of Fighters 2000 (NGM-2570) (NGH-2570);2000;SNK;YES;neogeo;NO;-;-kof2001;The King of Fighters 2001 (NGM-262?);2001;SNK / Eolith;YES;neogeo;NO;-;-kof2002;The King of Fighters 2002 (NGM-2650)(NGH-2650);2002;Eolith / Playmore;YES;neogeo;NO;-;-kof2003;The King of Fighters 2003 (NGM-2710);2003;SNK Playmore;YES;neogeo;NO;-;-kof94;The King of Fighters '94 (NGM-055)(NGH-055);1994;SNK;YES;neogeo;NO;-;-kof95;The King of Fighters '95 (NGM-084);1995;SNK;YES;neogeo;NO;-;-kof96;The King of Fighters '96 (NGM-214);1996;SNK;YES;neogeo;NO;-;-kof97;The King of Fighters '97 (NGM-2320);1997;SNK;YES;neogeo;NO;-;-kof98;The King of Fighters '98 - The Slugfest / King of Fighters '98 - dream match never ends (NGM-2420);1998;SNK;YES;neogeo;NO;-;-kof99;The King of Fighters '99 - Millennium Battle (NGM-2510);1999;SNK;YES;neogeo;NO;-;-kotm;King of the Monsters (set 1);1991;SNK;YES;neogeo;NO;-;-kotm2;King of the Monsters 2 - The Next Thing (NGM-039)(NGH-039);1992;SNK;YES;neogeo;NO;-;-lastblad;The Last Blade / Bakumatsu Roman - Gekka no Kenshi (NGM-2340);1997;SNK;YES;neogeo;NO;-;-lastbld2;The Last Blade 2 / Bakumatsu Roman - Dai Ni Maku Gekka no Kenshi (NGM-2430)(NGH-2430);1998;SNK;YES;neogeo;NO;-;-lbowling;League Bowling (NGM-019)(NGH-019);1990;SNK;YES;neogeo;NO;-;-legendos;Legend of Success Joe / Ashitano Joe Densetsu;1991;SNK / WAVE;YES;neogeo;NO;-;-lresort;Last Resort;1992;SNK;YES;neogeo;NO;-;-magdrop2;Magical Drop II;1996;Data East Corporation;YES;neogeo;NO;-;-magdrop3;Magical Drop III;1997;Data East Corporation;YES;neogeo;NO;-;-maglord;Magician Lord (NGM-005);1990;Alpha Denshi Co.;YES;neogeo;NO;-;-mahretsu;Mahjong Kyo Retsuden (NGM-004)(NGH-004);1990;SNK;YES;neogeo;NO;-;-marukodq;Chibi Marukochan Deluxe Quiz;1995;Takara;YES;neogeo;NO;-;-matrim;Matrimelee / Shin Gouketsuji Ichizoku Toukon (NGM-2660) (NGH-2660);2002;Noise Factory / Atlus;YES;neogeo;NO;-;-miexchng;Money Puzzle Exchanger / Money Idol Exchanger;1997;Face;YES;neogeo;NO;-;-minasan;Minasanno Okagesamadesu! Daisugorokutaikai (MOM-001)(MOH-001);1990;Monolith Corp.;YES;neogeo;NO;-;-moshougi;Syougi No Tatsujin - Master of Shougi;1995;ADK / SNK;YES;neogeo;NO;-;-mslug;Metal Slug - Super Vehicle-001;1996;Nazca;YES;neogeo;NO;-;-mslug2;Metal Slug 2 - Super Vehicle-001/II (NGM-2410) (NGH-2410);1998;SNK;YES;neogeo;NO;-;-mslug3;Metal Slug 3 (NGM-2560);2000;SNK;YES;neogeo;NO;-;-mslug4;Metal Slug 4 (NGM-2630);2002;Mega;YES;neogeo;NO;-;-mslug5;Metal Slug 5 (NGM-2680);2003;SNK Playmore;YES;neogeo;NO;-;-mslugx;Metal Slug X - Super Vehicle-001 (NGM-2500)(NGH-2500);1999;SNK;YES;neogeo;NO;-;-mutnat;Mutation Nation (NGM-014)(NGH-014);1992;SNK;YES;neogeo;NO;-;-nam1975;NAM-1975 (NGM-001)(NGH-001);1990;SNK;YES;neogeo;NO;-;-ncombat;Ninja Combat (NGM-009);1990;Alpha Denshi Co.;YES;neogeo;NO;-;-ncommand;Ninja Commando;1992;Alpha Denshi Co.;YES;neogeo;NO;-;-neobombe;Neo Bomberman;1997;Hudson;YES;neogeo;NO;-;-neocup98;Neo-Geo Cup '98 - The Road to the Victory;1998;SNK;YES;neogeo;NO;-;-neodrift;Neo Drift Out - New Technology;1996;Visco;YES;neogeo;NO;-;-neomrdo;Neo Mr. Do!;1996;Visco;YES;neogeo;NO;-;-ninjamas;Ninja Master's - haoh-ninpo-cho;1996;ADK / SNK;YES;neogeo;NO;-;-nitd;Nightmare in the Dark;2000;Eleven / Gavaking;YES;neogeo;NO;-;-overtop;Over Top;1996;ADK;YES;neogeo;NO;-;-panicbom;Panic Bomber;1994;Eighting / Hudson;YES;neogeo;NO;-;-pbobbl2n;Puzzle Bobble 2 / Bust-A-Move Again (Neo-Geo);1999;Taito (SNK license);YES;neogeo;NO;-;-pbobblen;Puzzle Bobble / Bust-A-Move (Neo-Geo) (NGM-083);1994;Taito;YES;neogeo;NO;-;-pgoal;Pleasure Goal / Futsal - 5 on 5 Mini Soccer (NGM-219);1996;Saurus;YES;neogeo;NO;-;-pnyaa;Pochi and Nyaa;2003;Aiky / Taito;YES;neogeo;NO;-;-popbounc;Pop 'n Bounce / Gapporin;1997;Video System Co.;YES;neogeo;NO;-;-preisle2;Prehistoric Isle 2;1999;Yumekobo;YES;neogeo;NO;-;-pspikes2;Power Spikes II (NGM-068);1994;Video System Co.;YES;neogeo;NO;-;-pulstar;Pulstar;1995;Aicom;YES;neogeo;NO;-;-puzzledp;Puzzle De Pon!;1995;Taito (Visco license);YES;neogeo;NO;-;-quizdai2;Quiz Meitantei Neo & Geo - Quiz Daisousa Sen part 2 (NGM-042)(NGH-042);1992;SNK;YES;neogeo;NO;-;-quizdais;Quiz Daisousa Sen - The Last Count Down (NGM-023)(NGH-023);1991;SNK;YES;neogeo;NO;-;-quizkof;Quiz King of Fighters (SAM-080)(SAH-080);1995;Saurus;YES;neogeo;NO;-;-ragnagrd;Ragnagard / Shin-Oh-Ken;1996;Saurus;YES;neogeo;NO;-;-rbff1;Real Bout Fatal Fury / Real Bout Garou Densetsu (NGM-095)(NGH-095);1995;SNK;YES;neogeo;NO;-;-rbff2;Real Bout Fatal Fury 2 - The Newcomers / Real Bout Garou Densetsu 2 - the newcomers (NGM-2400);1998;SNK;YES;neogeo;NO;-;-rbffspec;Real Bout Fatal Fury Special / Real Bout Garou Densetsu Special;1996;SNK;YES;neogeo;NO;-;-ridhero;Riding Hero (NGM-006)(NGH-006);1990;SNK;YES;neogeo;NO;-;-roboarmy;Robo Army (set 1);1991;SNK;YES;neogeo;NO;-;-rotd;Rage of the Dragons (NGM-264?);2002;Evoga / Playmore;YES;neogeo;NO;-;-s1945p;Strikers 1945 Plus;1999;Psikyo;YES;neogeo;NO;-;-samsh5sp;Samurai Shodown V Special / Samurai Spirits Zero Special (NGM-2720);2004;Yuki Enterprise / SNK Playmore;YES;neogeo;NO;-;-samsho;Samurai Shodown / Samurai Spirits (NGM-045);1993;SNK;YES;neogeo;NO;-;-samsho2;Samurai Shodown II / Shin Samurai Spirits - Haohmaru jigokuhen (NGM-063)(NGH-063);1994;SNK;YES;neogeo;NO;-;-samsho3;Samurai Shodown III / Samurai Spirits - Zankurou Musouken (NGM-087);1995;SNK;YES;neogeo;NO;-;-samsho4;Samurai Shodown IV - Amakusa's Revenge / Samurai Spirits - Amakusa Kourin (NGM-222)(NGH-222);1996;SNK;YES;neogeo;NO;-;-samsho5;Samurai Shodown V / Samurai Spirits Zero (NGM-2700);2003;Yuki Enterprise / SNK Playmore;YES;neogeo;NO;-;-savagere;Savage Reign / Fu'un Mokushiroku - kakutou sousei;1995;SNK;YES;neogeo;NO;-;-sdodgeb;Super Dodge Ball / Kunio no Nekketsu Toukyuu Densetsu;1996;Technos;YES;neogeo;NO;-;-sengoku;Sengoku / Sengoku Denshou (NGM-017)(NGH-017);1991;SNK;YES;neogeo;NO;-;-sengoku2;Sengoku 2 / Sengoku Denshou 2;1993;SNK;YES;neogeo;NO;-;-sengoku3;Sengoku 3 / Sengoku Densho 2001;2001;SNK / Noise Factory;YES;neogeo;NO;-;-shocktr2;Shock Troopers - 2nd Squad;1998;Saurus;YES;neogeo;NO;-;-shocktro;Shock Troopers (set 1);1997;Saurus;YES;neogeo;NO;-;-socbrawl;Soccer Brawl (NGM-031);1991;SNK;YES;neogeo;NO;-;-sonicwi2;Aero Fighters 2 / Sonic Wings 2;1994;Video System Co.;YES;neogeo;NO;-;-sonicwi3;Aero Fighters 3 / Sonic Wings 3;1995;Video System Co.;YES;neogeo;NO;-;-spinmast;Spin Master / Miracle Adventure;1993;Data East Corporation;YES;neogeo;NO;-;-ssideki;Super Sidekicks / Tokuten Ou;1992;SNK;YES;neogeo;NO;-;-ssideki2;Super Sidekicks 2 - The World Championship / Tokuten Ou 2 - real fight football (NGM-061)(NGH-061);1994;SNK;YES;neogeo;NO;-;-ssideki3;Super Sidekicks 3 - The Next Glory / Tokuten Ou 3 - eikou e no michi;1995;SNK;YES;neogeo;NO;-;-ssideki4;The Ultimate 11 - The SNK Football Championship / Tokuten Ou - Honoo no Libero;1996;SNK;YES;neogeo;NO;-;-stakwin;Stakes Winner / Stakes Winner - GI kinzen seiha e no michi;1995;Saurus;YES;neogeo;NO;-;-stakwin2;Stakes Winner 2;1996;Saurus;YES;neogeo;NO;-;-strhoop;Street Hoop / Street Slam / Dunk Dream (DEM-004) (DEH-004);1994;Data East Corporation;YES;neogeo;NO;-;-superspy;The Super Spy (NGM-011)(NGH-011);1990;SNK;YES;neogeo;NO;-;-svc;SNK vs. Capcom - SVC Chaos (NGM-2690)(NGH-2690);2003;SNK Playmore;YES;neogeo;NO;-;-tophuntr;Top Hunter - Roddy & Cathy (NGM-046);1994;SNK;YES;neogeo;NO;-;-totc;Treasure of the Caribbean;2011;FACE Corporation / N.C.I - Le Cortex;YES;neogeo;NO;-;-tpgolf;Top Player's Golf (NGM-003)(NGH-003);1990;SNK;YES;neogeo;NO;-;-trally;Thrash Rally (ALM-003)(ALH-003);1991;Alpha Denshi Co.;YES;neogeo;NO;-;-turfmast;Neo Turf Masters / Big Tournament Golf;1996;Nazca;YES;neogeo;NO;-;-twinspri;Twinkle Star Sprites;1996;ADK;YES;neogeo;NO;-;-tws96;Tecmo World Soccer '96;1996;Tecmo;YES;neogeo;NO;-;-viewpoin;Viewpoint;1992;Sammy / Aicom;YES;neogeo;NO;-;-vliner;V-Liner (set 1);2001;Dyna / BreezaSoft;YES;neogeo;NO;-;-wakuwak7;Waku Waku 7;1996;Sunsoft;YES;neogeo;NO;-;-wh1;World Heroes (ALM-005);1992;Alpha Denshi Co.;YES;neogeo;NO;-;-wh2;World Heroes 2 (ALM-006)(ALH-006);1993;ADK;YES;neogeo;NO;-;-wh2j;World Heroes 2 Jet (ADM-007)(ADH-007);1994;ADK / SNK;YES;neogeo;NO;-;-whp;World Heroes Perfect;1995;ADK / SNK;YES;neogeo;NO;-;-wjammers;Windjammers / Flying Power Disc;1994;Data East Corporation;YES;neogeo;NO;-;-zedblade;Zed Blade / Operation Ragnarok;1994;NMK;YES;neogeo;NO;-;-zupapa;Zupapa!;2001;SNK;YES;neogeo;NO;-;-